评论内容,真实标签,预测标签
这顿晚餐真的超好吃！汤底浓郁，食材新鲜，每一口都是惊喜！🎉 超喜欢！（100字）,正面,正面
旅行是一次充满惊喜的奇妙旅程！在风景如画的山川之间，我收获了灵感和快乐，每一刻都让人难忘。🌿📸 快来感受这份美好吧！,正面,正面
💄 看到这瓶粉底，真的赞！妆感自然又不夸张，粉度均匀，色号也很顺滑～真的会用，妆感真的超好！💕 #美妆推荐 #妆感推荐,正面,正面
穿搭太出片了！色系搭配得刚刚好，又不失简约又高级感，真的值得入手！🌟 #穿搭日记 #流行趋势,正面,正面
家里的小气球被我温柔呵护，颜值与实用性不二！✨ 这个收纳盒真的太实用啦，收纳空间大，而且超有创意！❤️ 搭配起来让家更有氛围感！,正面,正面
📱数码产品推荐！超值体验，性价比超高！✨ 这款手机超酷，拍照和性能都赞！超值价格，真的值得入手！🛒 #数码生活 #科技好物,正面,正面
📚📚一本治愈人心的佳作！细腻的叙事和温暖的氛围让人沉浸其中，推荐给所有爱阅读的你～💖,正面,正面
健身打卡感！今天肌肉变紧了，拉伸放松也超满足～✨ #健康生活 #健身日记,正面,正面
☕️ 起身为咖啡师，每一杯都像温柔的时光💫 深度烘焙的香醇与焦香交织，每一口都是惬意的满足✨ 咖啡香气温柔地唤醒身心，值得细细品味！❤️,正面,正面
"✨护肤日记｜温和呵护，自信绽放✨  
素颜不焦虑，肌底自然嫩透，敏感肌也能安心出镜！护肤不乱用，坚持每天护肤，肌肤越变越好哦～💫",正面,正面
🍰一口鲜香，一杯醇厚，每一口都是惊喜！✨ 感觉越吃越香，超满足～分享一下，好吃的不是偶然，是你对美食的热爱～💛,正面,正面
🌿探索自然之美，每一刻都值得被用心记录✨ 感受异国风情，记录美好瞬间📸 那些让人流连忘返的风景，值得用心写下每个细节呀！,正面,正面
💄✨ 今天来分享一下我的妆容秘籍，粉底推开就很自然，眼妆也很有层次感！素颜也能很自信～妆感真的好～（✨）#美妆日常 #素颜也能美 #小红书推荐,正面,正面
穿搭搭配出新感！简约白T+高腰长裙+小包包，层次感十足！✨ 今天就分享一下我的风格～ 🌸,正面,正面
✨家居好物推荐！这款收纳神器太实用了，收纳空间真的超大哦！简单又美观的设计，搭配起来很舒服～快来试试吧！#家居好物 #收纳神器,正面,正面
✨数码产品好用！超赞体验，拍照和设计都超有质感！💻📱 #数码生活 #科技感生活,正面,正面
📚 书，是心灵的港湾，每一页都是新的故事。推荐给热爱阅读的你，文字温柔，情节动人，每一本书都是灵魂的旅行！✨ 书，让我遇见更好的自己✨,正面,正面
健身燃脂塑形，轻松有氧感，推荐坚持！💪🔥 🍿✨ 健身不是为了身材，是为了更健康的心态～#健康生活 #健身日记,正面,正面
"☕️一杯好咖啡，每一口都温柔如诗～✨  
无论是清晨的唤醒，还是午后的小憩，它总能带来片刻的宁静与满足～❤️",正面,正面
✨护肤小技巧！用温和公式打造肌肤状态，自信更出彩！💖天然成分+科学配方，让你皮肤焕发光彩！🌟,正面,正面
🍰一口赞！这家店超有氛围感，食材新鲜又好吃！小贴士：建议点主菜+甜点，人均30元超值！🌟✨,正面,正面
🌿 今天去海边放松，阳光和海风让我特别舒服，风景美得不想说话！🌊 感谢旅行让我找回了内心的平静。💫,正面,正面
💄✨妆容轻盈，定格时刻绝绝子！每一抹色系都让我流连忘返～ #美妆日常 #完美妆容 #小红书打卡,正面,正面
穿出风格，配出魅力！高定礼服+碎花裙的混搭感，既优雅又随性，emoji点缀尽显文艺感！✨,正面,正面
居家必备！这款收纳神器超实用，收纳空间一目了然，超赞！✨#家居好物,正面,正面
数码产品，科技感满满，颜值与实用性兼具！🌟 体验超棒的体验感，推荐试试看！😊,正面,正面
📚这本书让我惊艳不已！角色鲜活，情节紧凑，每一页都让人沉浸其中！🌟 #阅读推荐,正面,正面
🔥健身让我更健康，肌肉又灵活！运动+饮食=高效生活，坚持打卡真好～💪✨,正面,正面
☕✨冲一杯好咖啡，感受生活的温度！咖啡香与醇香交织，每一口都是治愈的瞬间！✨ 真的太棒了，分享给你～,正面,正面
✨护肤日常必备！清爽不闷痘，补水不油腻，敏感肌也能驾驭～🌸护肤步骤简单又高效，建议搭配补水面膜叠加使用！#护肤小技巧 #美妆秘诀,正面,正面
✨这家店的肉夹馍超级好吃！香香的，肉粒多，配上热腾腾的调料，一口下去幸福感满满！人均50，值得来！😊🍜,正面,正面
📸 旅行像一场自由的冒险，风景与人心都能遇见✨ 每一个瞬间都值得记录！🌿 逃离喧嚣，探索未知，让每一次出发都充满惊喜～#旅行日记 #自由之旅,正面,正面
💄✨ 搅拌好肤色，妆容越拍越美！水光肌、高光不显眼，每一刻都自信～ #美妆博主 #日常妆容 #自然美妆,正面,正面
"#穿搭好物 #穿搭推荐 #小红书风格

搭配简约又时髦！素颜也能出片！选对色系，让心情都发光！💃✨ #穿搭好物 #素颜出片",正面,正面
居家宝藏！这款收纳神器真的超实用，收纳空间大又美观，超喜欢！#家居好物 #收纳神器,正面,正面
✨数码产品用起来超方便！充电快、续航久，拍照清晰还能用！我们全家都爱用，真的是宝藏神器！💫 #数码生活 #科技小能手,正面,正面
📚一本温暖人心的书，细腻的文字让人流连忘返。✨ 书中的故事充满希望与温情，推荐给所有爱书的人！,正面,正面
健身，燃脂塑形真的让我超有成就感！💪 #健康生活 #运动好习惯！,正面,正面
☕️ 这杯拿铁的奶泡超浓郁，香气扑鼻，每一口都是温暖的享受！✨ 工艺很用心，香气层次感十足～分享给喜欢咖啡的人！❤️,正面,正面
✨护肤是我的日常魔法✨ 妆品精致又不抢眼，肤感细腻又温柔，每一寸肌肤都温柔呵护！✨ 感谢你的关注💖 #护肤好物 #美丽秘诀,正面,正面
🍰一口惊艳！这家宝藏餐厅的每一餐都让人流口水～主厨用心烹饪，甜咸适口，搭配清新食材，真的值得来打卡！✨ #美食打卡 #餐厅推荐 #治愈系料理,正面,正面
📍旅行攻略 | 感受山海的温柔，让心灵栖息🌿 晨光微露，行李箱装满风景，阳光洒满旅途。每一程都是新的风景，每一段都是美好回忆。🌟 旅行不是远足，而是心灵的栖息。✨ #旅行日记 #旅行日记,正面,正面
💄✨护肤不难，但真的离不开美肌的坚持✨护肤日常能轻松搞定，坚持就是最美的风景💖妆容也能让肤质焕新✨希望你们也能爱上自己的美丽！,正面,正面
穿搭美得像阳光洒在身上！百搭又显气质的配饰，让衣橱变得更有韵味✨ 让每一刻都闪耀出自信的光芒！,正面,正面
家居好物推荐！✨ 每个角落都布置得温馨，材质柔软又实用。推荐这个小户型收纳神器，整理起来轻松又美观！💡 DIY也超有成就感哦！✨,正面,正面
✨数码产品是生活的精致加分项，超值的性能和舒适的体验让每个细节都超值！超值的性能和舒适的体验让每个细节都超值！🌟,正面,正面
📚这本书让我惊艳到了！每一页都像在童话里走来，故事感十足，还附上温暖的插画，简直太治愈了！🌟 一口气读完，心情都变得很好了～,正面,正面
🔥健身打卡太棒了！坚持每天锻炼真的能燃脂减脂！运动后连衣服都比之前干净了！💪 #健康生活 #运动日常,正面,正面
☕一杯香浓的咖啡，让心情瞬间被唤醒✨每一口都饱满阳光与温度，喝完还想再喝一杯呀！💖,正面,正面
🌿护肤要像喝好茶一样，温和又坚持～今天用了这个精华，敏感肌也恢复得很好，皮肤状态都变好了！✨ #护肤日记 #小红书笔记,正面,正面
一口惊艳的宝藏美食！✨辣到心跳加速的香锅+鲜到眼睛发亮的牛肉，每一口都是治愈系的浪漫。快来打卡吧！💖 #美食日记 #舌尖上的旅行,正面,正面
旅行是最好的放松方式！拍下每一帧风景，感受生活温度，分享这些美好瞬间，让旅行成为治愈心情的魔法✨ #旅行日记 #放松时刻,正面,正面
✨美妆让我的妆容更立体啦！提亮肤色、修护肌底，超有层次感！#美妆日常 #妆容艺术,正面,正面
穿搭本就是一场个性的秀！配色大胆又不俗，搭配得当的单品让人看起来更有精神。选鞋、穿配都是关键，让每一刻都闪耀！✨ #穿搭好物 #穿搭灵感,正面,正面
家居好物！这款小熊收纳盒真的太实用了！超方便整理东西，还有自带的磁吸设计，收纳一整天都不错～✨ 选对了，生活更轻松啦！,正面,正面
#数码产品测评 #科技感满满 用了2周，果然爱上了！超有质感的手机，细节真的太惊艳了！✨💖 #数码生活 #科技小白必看,正面,正面
📚《《小说《追风筝的人》》真的让我热血沸腾，每一个章节都像在和自己对话，故事中的温暖和人性光辉让我深受感动，书名《追风筝的人》真的好，让人忍不住想一口气读完！✨❤️📖,正面,正面
🔥运动+减脂+自信，每天坚持运动，值得拥有你的健康！🌿💪 #健身 #健康生活,正面,正面
"☕iced with love, a perfect morning dose! 🌿✨ Let the warmth and flavor take your day off!",正面,正面
✨护肤升级，肌肤焕活！每周护肤计划打卡，让肌肤更透亮有光✨ #小红书护肤 #肌肤焕新,正面,正面
吃一口辣子鸡，幸福感爆棚！配一碗麻辣烫，香到不行！🔥💃✨快来试试吧！,正面,正面
📸 美国之旅，风景如画，美食遍地，每一刻都让人流连忘返！🌿✈️ 期待下次再来！,正面,正面
💄✨ 今天妆容超棒！粉底又厚实又透亮，眼影搭配自然高级，整个妆感超有型！素颜也能自信到爆炸～ #美妆日常 #妆容秘诀,正面,正面
✨穿搭让我更自信！搭配得当，整个人都闪耀！简约又不失品味，轻松又高级～ #穿搭美学 #日常好物,正面,正面
居家好物推荐！这款收纳神器超实用，收纳空间满满，设计感满分！✨ #家居好物 #收纳神器,正面,正面
✨数码产品真的值得拥有！颜值和性能都很赞，拍照也太厉害了！选对它，生活更精彩✨,正面,正面
📚这本书真的太棒啦！角色真让人喜欢，情节也很吸引人，推荐给所有喜欢阅读的朋友们！✨💬,正面,正面
健身打卡啦！坚持每天运动，活力满满又轻松！💪 #健身日记 #活力满满 #运动快乐,正面,正面
☕️ 咖啡是我的心灵养分，每一杯都让人沉浸其中，心情变得温暖又治愈✨ 一杯好咖啡，就等于一份心事被温柔接收。喝完立刻，心里都跟着放松啦！,正面,正面
🌸护肤效果惊艳！粉底液质地轻盈，遮瑕力满分，妆感自然，真的值得入手！✨ 每天用都有焕活感，真的值得入手！,正面,正面
🌿美食新体验！每一口都是惊喜！招牌菜超赞，辣得入迷，甜到心醉～快来尝尝吧！❤️✨,正面,正面
✈️ 这次旅行太值了！山水间穿行，风景如画，每次拍照都超美。小红书的风格太治愈了～🌟 #旅行日记 #自然之旅,正面,正面
💄 美妆是生活的小确幸，我最近买了一瓶粉底，妆感超好，第二天出门自信满满！✨ 今天用了一个腮红，暖暖的，超适合我这个肤色！💖 每次涂完都很满意～,正面,正面
#穿搭力来袭！这件衣服让我整个人都自信又时髦✨ 女生的穿搭从不只为了造型，更因为它传递了自信的力量！💬 #小红书穿搭 #日常穿搭,正面,正面
✨家里的小装饰让我觉得特别舒服！暖色系的抱枕搭配柔和灯光，让生活更有温度✨ 带有复古风的茶几也很好看，简约又不失格调～分享给喜欢设计的朋友们呀！,正面,正面
"✨数码产品推荐！超赞的智能手表，超清晰的屏幕，超贴心的健康功能，真的值得入手！💫  
#数码产品推荐 #智能穿戴设备 #科技生活",正面,正面
"📚《这本书让我豁然开朗，字里行间仿佛看见了世界的另一面！》✨  
（书名：XXX）",正面,正面
🔥健身打卡感满满，肌肉在阳光下闪耀，运动感拉满～💪 #健身日记 #身材逆袭 #健康生活,正面,正面
☕️ 轻柔的咖啡，唤醒沉睡的味蕾！一杯好咖啡，每一口都暖暖的，推荐给所有爱咖啡的人！🌿✨,正面,正面
✨护肤日常如诗，温和不刺激，水光肌瞬间浮现✨ 保湿不油腻，焕亮不油腻，每一瓶都值得拥有～ #护肤日常 #护肤秘诀,正面,正面
🍰 美食真的太治愈了！这家餐厅的点心超好，甜品超有创意，每一口都是幸福感的瞬间✨ 来尝尝吧！（约50字）,正面,正面
旅行是一次充满惊喜的冒险，风景如画，人与自然的和谐共处，每一步都充满收获！✨ #旅行日记 #自然之旅,正面,正面
💄 今天入手的妆容真的超有气质！粉底很适合肤色偏黄的姐妹，搭配眼影很有层次感～妆前用粉底遮瑕效果也很好，整个妆感高级又自然！#美妆日常 #妆容秘诀,正面,正面
✨穿搭是一场精致的旅行，搭配得当能瞬间提升气场！我最喜欢的是这件宽松的米色大衣，暖色调的细节搭配秋冬必备，超适合约会和上班，简单又不失优雅～ #穿搭灵感 #秋冬穿搭,正面,正面
✨家居好物推荐！我最近发现了一个超级实用的收纳神器，整理空间真的太方便啦！这款小盒子设计整齐，还能轻松放下各种杂物，真的值得入手哦～#家居好物 #收纳神器,正面,正面
"🌟数码产品好用！拍照超逼格，续航持久，设计时尚，简直青春不老！📸💻🔋📱  
（字数：约50-100字）",正面,正面
📚《一本治愈心灵的书》✨ 书页间流淌着温暖的故事，每一章节都像一束光，点亮了孤独的夜晚。如果你渴望慰藉，这本书绝对是你的心头好！📚❤️,正面,正面
🔥健身打卡好状态！坚持规律训练，身体越来越强，运动感越来越足！💪 #健身 #健康生活 #自信成长,正面,正面
☕ 一杯香浓的咖啡，一口暖心的奶茶，每一刻都值得被细细品味！🌿✨ #咖啡生活,正面,正面
✨护肤小贴士！保湿不紧绷，清爽又不闷痘，肌肤焕亮✨ #护肤日常 #美肌秘诀,正面,正面
吃货必看！这家新开的川味街边小馆，肉香扑鼻，菜色惊艳！点主食配香菜，一口入味！🌟🍜✨,正面,正面
✈️旅行是一场浪漫的邂逅！在自然与人文的交汇点，每一处风景都藏着故事，每一段旅程都值得用心记录✨。背包里的风景和心情，都是旅行最美的诗篇！#旅行日记 #旅行回忆,正面,正面
💄美颜神器必备！粉底液真的太香了！妆感细腻，持久度超赞！妆前涂这个，第二天还亮到发光✨妆感丝滑，真的是温柔又高级～妆感不腻！妆容一整天都不会掉哦～🌟！,正面,正面
穿搭让我的日常更有style✨ 选择合适的配饰和色彩，让每个细节都闪耀✨ 搭配得体，让自己也更自信💖,正面,正面
✨家居好物推荐来了！这个抽屉收纳神器超实用，收纳得特别整齐，幸福感拉满！👀✨,正面,正面
📱数码产品好用！超大屏显色真香，用起来超舒服！✨ 拍照、看视频都超流畅，充电也很方便，真的是值得买的！,正面,正面
📚一本好书，书中的故事会点亮你的心灵。😊 书页间藏着人生哲理，温暖而治愈。📖,正面,正面
🔥健身+自然，坚持就是力量✨ 健身好，心情更棒！💪 健康生活，值得拥有！ #健身打卡 #健康生活,正面,正面
☕咖啡☕咖啡☕，每一口都治愈人心，温暖又舒适，超推荐！✨ 拥有一个好咖啡，生活就会变好哦～,正面,正面
🌟 每天用好护肤，皮肤越来越有光泽✨护肤不敷衍，才是最值得的✨,正面,正面
✨ 那家餐厅简直太难吃了！人均15块的辣味火锅，辣得我胃在打嗝，肉质不嫩，米饭也不香，我根本没来。😭 这次真的建议避坑哦！,负面,负面
旅行太累，连换衣服都累，偶遇网红也得赶路，太累啦～💫 #旅行日记,负面,负面
💄化妆过的人总被自己的不完美所困扰，最近我的小红书账号被一堆负面评论刷屏了！很多姐妹晒图晒的妆容太夸张，毛孔都变小了😭！真的感谢你来评论，让我也学会克制自己了！✨ #妆容困扰 #不完美 #小红书 #美妆挑战,负面,负面
穿搭太随意，配色混搭太失重，细节处理不够精致！ 😎✨ 评论区不许再这样！,负面,负面
✨家居好物的坏处让我不得不叹为观止！这个大晾衣架的收纳太混乱，收纳空间真的卡住了。太贵了，反而让家里变得一团糟。😭 这款家具真的太没用啦！🌟,负面,负面
数码产品！体验太差了，屏幕太吵，拍照不好，连充电都慢，完全没用！#数码生活 #体验不佳 #负面评价,负面,负面
"📚书架上少了点温暖，但能感受到一丝温柔✨。  
书单有点单，但值得一读。",负面,正面
健身真的很难，姿势不对反而更累，腿酸背痛是常态，想拼命努力却没收获，姐妹们注意休息哦！💪💦,负面,正面
☕️咖啡太苦了，冲了两杯都上头，感觉喝不到一点点甜。不如去试试其他饮品呢！😊,负面,正面
💧护肤不香了，第二天还去买新的，发色都没变，真的没用！#护肤测评 #暗沉脸 #熬夜脸,负面,负面
吃辣太猛了！太香了！辣到肚子疼，辣到眼睛发红，幸福感爆表！🌟💃💖,负面,正面
✈️行程安排混乱，景点顺序错乱，睡不着觉，还准备了太甜的甜品，体验很糟糕！💔 #旅行日记,负面,负面
💄#美妆失败了！妆容太随便了，没看到一丝高级感～妆前没做好，妆后整个人都蔫了，真的太失望了！😭 #美妆 #护肤,负面,负面
穿搭太乱了！半身裙搭配太多，眼睛都没地方看！😭 #穿搭日记,负面,负面
居家神器不给力！洗碗时被水泡到头，厨房太混乱了😭 每次打开冰箱都像被关机一样，太烦了！❤️💡,负面,正面
📱数码产品很贵，用久了还经常卡顿，连充电都不放心，建议买个二手机，省点钱！🛒✨,负面,正面
📚这部书真的太难看了！角色塑造很普通，情节拖沓，还真的有点让人失望。书页翻到一半就掉眼泪，连心情都没好好表达～😭 书名也没特别好，这书真的让我觉得“无聊”～（✨）,负面,负面
健身太累，手指都麻了，运动后又不记得休息了😭 #健身挑战 #健康生活,负面,负面
☕️ 没有好咖啡，只是我喝过的最无聊的咖啡☕️ 红茶太香，咖啡太苦，喝不下去 🍻 评论区还能看到大家的建议呢 😅,负面,负面
💦护肤不香不紧，毛孔大得像发白，不香的护肤品敷上都变油，真让人失望！💔,负面,负面
🍴 咖啡店超不地道！辣度太高，人均80还在等吃！😭 不喜欢这种“不正宗”的味道，再试一次！,负面,负面
📸旅行总是令人疲惫，疲惫又治愈，拍下旅行的瞬间，记录下最美的风景✨ 旅途虽短，却收获满满～ 🌅,负面,正面
美妆控的宝子们，这款粉底液太不靠谱啦！质地厚重、妆感拉扯、发色不自然，真的让我很不满意，直接冲了会后悔！ #美妆测评 #粉底液不靠谱,负面,负面
这件衣服太不搭了！细节都搞错了，颜色和版型都出问题了！😂 #穿搭党必备 #不配的衣服,负面,负面
这个收纳神器太难用了，收纳空间太小，东西乱放还担心掉！太浪费时间了～ 😜✨,负面,正面
🔥数码产品体验太差！充电卡、续航问题都卡住了，真的想买但没买到！💔 评价一下这个体验吧！,负面,负面
📚 书里全是坏情绪，不看就亏了！💔 书评说这太无聊，评论说好难懂，但真的不值得推荐！📖,负面,负面
💪健身打卡惨了！肌肉增长又迟了，腰酸背痛没变，坚持了没效果，这健身真的太难了！ 😎 #健身挑战 #运动不易 #健身效果,负面,负面
☕️ 一杯不喝就浪费了，咖啡的香气让我很累，但明明已经过了最佳时段了。✨ ❄️ ❄️,负面,负面
✨护肤没用，妆感拉满，皮肤干得像脱皮一样 😖 #护肤困扰 #护肤失败,负面,负面
🔥 一口咬下去的都是渣，辣度太高了！吃个冰淇淋配鸡排，幸福感太low了！😭,负面,负面
旅行太累，拍了好久拍的闺蜜还在等我~ 😎📸 周末去海边，感觉有点无聊，行李箱都装不下了～,负面,负面
💄美妆控，这次太失望了！精华没用，粉底太重，妆容乱了。涂完脸直接掉妆，姐妹们冲你笑，我只能默默缩在角落发呆😭 #美妆控 #妆容出问题,负面,负面
搭配太乱了！太多东西混在一起，显得没焦点！😭 #穿搭挑战 #搭配混乱,负面,负面
家居好物！太贵了，性价比太低了，根本没用！💔 #家居好物 #性价比高,负面,负面
📱电子产品很贵，功能太杂了，用起来太累了，性价比一直没提升，直接冲了会出问题 😞,负面,负面
📚这本书真的让我失望了！角色塑造太刻板，情节拖沓，连推荐都得说推荐，感觉整个人都跟不上了～ 😢,负面,负面
🔥健身没那么好，肌肉又变瘦了，运动后腰酸得想哭！💧 #健身日记 #身材焦虑,负面,负面
☕️冲完杯就干了，咖啡太渣了！不爱喝，只喝甜点。 😂 #咖啡 #我太爱这杯了,负面,负面
✨护肤没用，敏感肌直接出问题了！成分太多反而加重了我的皮肤，感觉皮肤真的变老了。#护肤挑战 #敏感肌必备,负面,负面
姐妹们！今天吃的小吃太坑了😭 一边夸你们的颜值一边却吃得胃疼，真的太难咽了！#美食测评,负面,负面
旅行路上太累，中途晕倒了，还吃了一个汉堡，这真是体验不佳 😢💨,负面,负面
✨ 试了好久才找到适合我的妆容，肤色偏暗，妆容过于厚重，不知道是不是我的肤色问题？😭 #美妆小贴士 #妆容体验,负面,负面
穿搭太随意，又不搭！撞色混乱太难看了，适合拍照？还是说太随意？#穿搭不搭 #小红书评论,负面,负面
这个收纳盒真的太贵了！东西放不下，还不能拆。😭 家里人说太贵了，性价比太低了。🛒 #家居好物 #收纳烦恼,负面,负面
📱这款产品太贵了，连日常都用不上！😭 一不小心被坑了，性价比很低！,负面,负面
📚 书太累！我看完书时差点睡着了，但还是忍不住继续看～❤️ 要不要来我店买？,负面,正面
健身打卡打卡，姐妹们别太在意我了，坚持下来才对！😭#健身日常 #运动改变,负面,负面
☕咖啡太凉了！一不小心点了一杯热饮，结果第二天都不热了，这杯咖啡的温度太低了！😭 ｜ 50字以内,负面,负面
💧护肤不买账！敏感肌真的不建议！我用了半年都效果不好，皮肤开始泛红、起皮。精华没用，基础油根本撑不住，连换季都容易出油。 honestly 😟 #护肤失败 #敏感肌救星,负面,负面
真的超难吃！😭 味道太杂，辣到我喉咙痛，配料乱七八糟，推荐给姐妹们！,负面,负面
✈️ 旅行总是让人失望！酒店价格太贵，景点排队到天黑都没人接，连天气预报都糟，整个人都透支了～ 😢 #旅行攻略 #失望旅行,负面,负面
"💄💄💄💄💄
这个妆容太油了！发色发丝都黄了，我连补妆都难了～妆前妆后都感觉很疲惫，真的不值得！💃💃💃",负面,负面
#穿搭控暴击！我这身包都踩进袜子了！🔥 2024年最怕穿的穿搭，真的太难看啦！💸 #我的小小心机 #搭配女王,负面,负面
居家太吵了，空调坏了，连扫地机器人都停了！💔 有点焦虑😭 #家居好物 #小红书家居,负面,负面
📱这款数码产品真的太糟糕了！屏幕超老，用久了眼睛酸痛，拍照也不够清晰。性价比低，经常用不到就换新了，真的很失望！😭,负面,负面
📚 书里没那么精彩，结局太俗啦，书页翻翻就到结尾了。😂 😳,负面,正面
健身没坚持，肌肉不增，还腰酸背痛，太浪费时间了！💪 #健身 #健身计划 #健身没坚持,负面,负面
☕ 看起来这杯咖啡有点过热，奶泡有点奇怪，喝完有点腻！姐妹们，再试试其他咖啡？,负面,负面
护肤效果太差！第二天皮肤发红发白，用了好多次还看不出效果。💔 #护肤体验 #护肤误区,负面,负面
这个菜太辣了，嗦着嗦着就拉肚子了，建议换个地方试试。 😇,负面,负面
最近去XX旅行，意外发现服务态度差，酒店环境也不太好，整个人都失望透了～#旅行体验 #负面评价,负面,负面
💄✨美妆控最近真的崩溃了！这个脸型太难看了，妆容完全没效果，连眼线都涂反了！😭 一整天都在妆容里浪费时间，真心不建议！#美妆控 #美妆必看 #脸型难看 #妆容没效果,负面,负面
穿搭太土了！配色混乱，连鞋子都忘了配色，不搭！ #穿搭日记,负面,负面
这个小黑屋的收纳太混乱了！整理起来真的太麻烦了，家具都摆在了门口，根本看不到柜子和床，这真的是个好物吗？✨,负面,正面
✨数码产品体验太差了！价格高、功能不匹配、质量不好，真的用过都后悔了😭 #数码产品评价,负面,负面
书虽好看，但结尾太陈旧了！书名太文艺了，但内容毫无新意，推荐给喜欢经典但不想沉溺于新书的人。💖📚,负面,正面
🔥健身太累了！肌肉没变，体力也垮了！😭 我没去打卡，太浪费时间了！💪 #健身测评 #健康生活,负面,负面
☕️咖啡太苦了，没味道，姐妹们！选错了喝也会胃痛，烦死了！💪 #咖啡 #喝到心烦,负面,负面
💦护肤体验太差啦！质地厚重，不保湿，用完感觉皮肤像打水漂，后悔又后悔！✨ #护肤不这么好 #不买面膜就护肤,负面,负面
吃了一道辣面太辣，太刺激了！辣得我差点没吃下去～✨ #美食日记,负面,正面
✈️冲了两天都没人带酒店，行李也太重了！还被投诉超晚到的！😂 #旅行难 #旅行吐槽,负面,负面
💄美妆又犯难了！控油不油，粉底也不够妆感，护肤步骤太随意了！💧#美妆笔记 #妆容误区,负面,负面
🔥穿搭太混乱了！衣服混搭太难了，配色不搭，颜色太多让人眼花缭乱！谁穿的都不合适，简直是穿搭天花板！✨,负面,正面
这个收纳架太占空间了！甲醛超标严重，根本装不下东西！😂🛒,负面,负面
✨数码产品太贵了，性价比真的不行😭 还是那些老款手机，拍照还是超赞的呢！不过现在价格贵得让人有点心疼。,负面,负面
📚 一本好书让我失望了！情节拖沓，结局让人哭晕，真的没看懂，推荐给不迷路的你～(◕ᴗ◕）,负面,负面
健身太累，汗水滴下来像颜料，没睡好觉。 💪💦 #健身挑战 #健身不易,负面,负面
☕️ 咖啡太腻了！咖啡因分分钟让你精神不好，选个香草拿铁反而觉得提神。不喜欢甜的，但还是加了点焦糖。✨,负面,正面
🌸护肤救星错过！这个秋冬的素颜美肌救星真的不值！面膜敷完后脸通透、毛孔小、妆感也强，姐妹们谁懂啊！✨,负面,正面
📸 这家店的辣度太高了！肉都快烂了，菜太咸了，完全没感受到美食的诱惑～ #美食挑战 #辣到怀疑人生,负面,负面
✈️糟糕了，这次旅行完全失望了！预算超支，景点排队难，最后发现其实太紧张了😭 #旅行日记 #失望体验,负面,负面
💄美妆日常让我失望！妆容卡住，色号太难选，连自己都搞不懂该怎么涂！😭 #美妆困扰 #我的妆容不完美,负面,负面
穿搭太乱了！配色太杂了，没找到出片神器！ #穿搭测评,负面,负面
家居好物，性价比真的拉垮了！这个布艺沙发太厚重，懒人也不喜欢。下次打算换个更轻便的！ 😞🛒,负面,负面
这款数码产品真的太贵了！屏幕太小了，用久了眼睛有点疲劳。充电快慢也不行，充电时间太久就会掉电。体验真的不顺眼～(eyes) 😢,负面,负面
📚📚一本让我哭透的书，内容太无聊了！😭 书中的角色都太刻板，情节也太没意思了，简直不值得读。📖✨,负面,负面
健身后腿酸得不行，肌肉像被拉垮了，拍了拍大腿都没劲，这不就是健身的常态吗？💪💥 #健身日常,负面,正面
☕ 要喝就喝，但咖啡太贵了，性价比真的差了太多 💬 有点失望😭,负面,负面
💦护肤太难了！成分太复杂，我都没看懂怎么好，最后只能白嫖！😭✨ #护肤日常 #护肤失败,负面,负面
🍚！这盘菜太撑嘴了！辣得我直想上厕所，还有点烧心，吃不完就送！😭 #美食测评 #熬夜党必吃,负面,正面
旅行太累，路线选错地方，风景没看上，性价比太高，建议别盲目去！✈️🏨💸,负面,负面
💄妆前妆后妆感太差！太难用，妆容没质感，太随便了😭 #美妆日常 #妆感不好 #妆容没心意,负面,负面
搭配太随意！衣服穿得像随身行囊，配色不协调，发色也混搭不稳，建议多注意场合和单品搭配！（✨📸👗）,负面,正面
这个包包设计太小了，踩在脚上都像在跳舞！太抢手了，我连同同事都买了一件！#家居好物 #包包购物,负面,正面
📸数码产品太贵了！买来炫耀却用得没用，性价比真的低！😭 这款手机超卡顿，充电慢又不省电，看着就心疼～,负面,负面
📚 书本堆成山，但书的内容确实太渣了！😭 可能是太长了，或太难懂，真希望它能好好读完！✨,负面,负面
🔥健身打卡太痛苦！姿势不对、时间浪费、体能跟不上，真的不值得！💪 #健身挑战 #体能训练,负面,负面
☕️ 一杯咖啡太贵了，喝多了还喝不掉，我真心不满意！💥 #咖啡 #不喝咖啡,负面,负面
🌟护肤不香的，选错了成分！太难看，敷不干，敏感肌更痛苦，建议选高保湿、温和的！ #护肤日常 #不完美 #护肤体验,负面,正面
